﻿<?xml version="1.0" encoding="UTF-8"?>
<!-- 转发 policy 列表，vhosts - 批量转发列表, urls - 单路转发列表; rtmp - 普通转发, rtmps - 经过 ssl 加密后转发 -->
<!-- url 格式详解如下：rtmp://www.qiyicc.com/live/sport, 其中 vhost = www.qiyicc.com, app = live, stream = sport -->
<policy>
    <!-- 批量转发 ( batch forward ), 这里的 vhost 代表 tcUrl , 例如: rtmp://www.qiyicc.com/live -->
    <vhosts>
        <!-- 如果想对 rtmp://www.qiyicc.com/live 开头的 url 进行转发，则配置如下: <vhost name="rtmp://www.qiyicc.com/live"> -->
        <vhost name="">
            <!-- 如果源 url 为 rtmp://www.qiyicc.com/live/stream, forward 配置如下 <forward rewrite="">www.cctv5.com:1936</forward> -->
            <!-- 因为 rewrite="", 所以就会把源 url 的流转发主机 www.cctv5.com:1936 上，那么目的 url 同源 url ，常用于一个域名多个 IP 的情况 -->
            <!-- 如果 rewrite="rtmps://www.cctv5.com:1936/sport", 那么就会把流转发到主机 www.cctv5.com:1936 上，目的 url 为 rtmps://www.cctv5.com:1936/sport/stream -->
            <forward rewrite=""></forward>
            <!-- forword 可以有多个, 根据需要自行扩充 -->
            <forward rewrite=""></forward>
        </vhost>
        <!-- vhost 可以配置多个 -->
        <vhost name="" />
    </vhosts>
    <!-- 单路转发 ( single forward ) -->
    <urls>
        <!-- 可以针对固定的 url 进行转发，从而避免转发整个 vhost, 比如想转发 rtmp://192.168.1.1/live/stream 到别的服务器 配置如下  -->
        <!-- <url name="rtmp://192.168.1.1/live/stream"> 那么只要推流的 url 是上述的值, 将会按下面的规则转发, 可以做到精确转发  -->
        <url name="">
            <!-- 1.<forward rewrite="rtmps://www.cctv5.com:1936/sport/football">www.cctv5.com:1936</forward> rewrite 是目的 url, 如果  -->
            <!-- 是 rtmps 则代表启动 ssl, 比如源 url 为 rtmp://www.qiyicc.com/live/stream, 那么推流则会转发到主机 www.cctv5.com:1936  -->
            <!-- 转发方式是 ssl 加密, 转发的目的 url 变成 rtmps://www.cctv5.com:1936/sport/football  -->
            <!-- 2.<forward rewrite="">www.cctv5.com:1936</forward> rewrite 为空的情况下, 那么源 url 为 rtmp://www.qiyicc.com/live/stream -->
            <!-- 那么目的 url 还是保持原来 rtmp://www.qiyicc.com/live/stream, 推流则会转发到主机 www.cctv5.com:1936 , 常用于一个域名多个 IP 的情况 -->
            <forward rewrite=""></forward>
            <!-- forword 可以有多个, 根据需要自行扩充 -->
            <forward rewrite=""></forward>
        </url>
        <!-- url 可以配置多个 -->
        <url name="" />
    </urls>
</policy>
